{
  "controller/View1.controller.js.map": 1754830916374,
  "controller/App.controller.js": 1754824948016,
  "controller/View1.controller.js": 1754829147822,
  "model/models.js": 1754824948016,
  "manifest.json": 1754830842310,
  "Component.js": 1754824948012,
  "controller/App-dbg.controller.js": 1754824948016,
  "controller/App.controller.js.map": 1754830916353,
  "controller/View1-dbg.controller.js": 1754829147822,
  "i18n/i18n.properties": 1754824948016,
  "model/models-dbg.js": 1754824948016,
  "model/models.js.map": 1754830916359,
  "Component-dbg.js": 1754824948012,
  "Component.js.map": 1754830916365,
  "Component-preload.js": 1754830916528,
  "Component-preload.js.map": 1754830916528,
  "view/View1.view.xml": 1754828973601,
  "view/App.view.xml": 1754824948020,
  "css/style.css": 1754824948020,
  "index.html": 1754824948012
}